{"stephen": 1000.211381548001, "bloom": 614.1284019761115, "j": 382.61724366908976, "don\u2019t": 359.74338671061156, "dedalus": 332.71064666877373, "martians": 326.4723220437342, "martian": 160.11699870934734, "pit": 109.51725452847136, "woking": 103.97207708399179, "heat-ray": 68.62157087543459, "jo": 2474.5354345990045, "meg": 1272.6182235080594, "amy": 1135.3750817571904, "laurie": 1087.547926298554, "beth": 810.9822012551359, "yes": 320.23399741869474, "glaucon": 266.168517335019, "republic": 224.57968650142226, "plato": 223.88653932086234, "thrasymachus": 174.6730895011062, "soveraign": 1023.0852385064792, "common-wealth": 867.1271228804915, "onely": 856.7299151720923, "civill": 673.7390595042668, "kingdome": 592.6408393787532, "thy": 644.6268779207492, "hector": 499.0659700031606, "jove": 467.18119969740314, "skies": 326.4723220437342, "trojan": 309.1436425297356, "alice": 230.12486394590184, "[illustration]": 45.747713916956386, "rabbit": 41.58883083359672, "caterpillar": 29.1121815835177, "duchess": 23.56700413903814, "elizabeth": 801.2781407272968, "bennet": 569.766982420275, "jane": 521.9398269616388, "bingley": 492.8276453781211, "darcy": 474.11267150300256}